record_id,drugs1,drugs2,drugs3,drugs4,drugs5,drugs6,drugs7,drugs8,drugs9,drugs10,gender_prob_1,gender_prob_2,gender_prob_3,gender_prob_4,gender_prob_5,gender_prob_6,gender_prob_7,gender_prob_8,gender_prob_9,gender_prob_10,gender_prob_11,gender_prob_12,gender_prob_13,gender_prob_14,gender_prob_15,gender_prob_16,gender_prob_17,gender_prob_18,gender_prob_19,orientation_prob1,orientation_prob2,orientation_prob3,orientation_prob4,orientation_prob5,orientation_prob6,orientation_prob7,orientation_prob8,orientation_prob9,orientation_prob10,orientation_prob11,orientation_prob12,orientation_prob13,orientation_prob14,orientation_prob15,orientation_prob16,orientation_prob17
63,1,2,2,1,1,1,1,1,1,1,1,1,1,1,1,1,1,1,1,1,1,1,1,1,1,1,1,1,1,1,1,1,1,1,1,1,1,1,1,1,1,1,1,1,1,1
72,4,4,5,3,3,4,5,3,3,2,2,3,3,2,2,1,1,2,2,3,4,2,2,1,1,2,3,2,2,2,3,3,2,2,1,3,3,2,2,1,4,3,3,2,2,1
76,3,4,4,5,5,4,4,3,3,2,3,3,2,2,1,2,3,3,2,2,1,1,3,3,2,2,3,2,1,2,3,3,2,1,3,3,2,2,1,1,2,3,3,2,2,1
77,4,5,5,4,3,4,4,5,5,3,3,3,2,1,2,3,3,2,2,3,3,4,4,2,2,3,3,2,1,2,3,3,2,2,1,2,3,3,2,2,1,1,2,3,3,2
80,3,4,5,4,3,3,5,6,4,3,2,1,3,4,1,2,3,3,4,3,2,1,1,2,3,4,4,3,3,2,2,3,4,1,2,3,2,1,1,2,4,3,4,3,2,1
82,3,4,5,6,5,4,3,2,3,4,2,3,4,3,1,1,2,3,4,4,3,2,2,1,1,2,3,4,2,2,2,1,1,1,2,4,2,1,2,2,3,3,3,4,3,2
85,1,1,2,2,1,1,1,1,1,1,2,3,4,3,2,2,1,1,1,2,3,3,4,3,2,2,1,3,4,2,3,2,4,2,4,3,3,2,2,2,2,2,1,1,1,1
86,1,1,2,2,1,1,1,1,1,1,2,2,1,1,2,2,4,3,2,2,1,1,2,3,4,3,3,2,1,2,3,3,4,2,2,2,1,2,1,2,3,3,4,3,2,1
87,1,1,2,2,1,1,1,1,1,1,2,3,3,3,2,1,1,4,4,3,3,2,2,1,3,2,4,4,3,1,3,2,3,2,2,2,2,3,3,4,4,3,3,2,1,1
91,1,1,2,2,1,4,2,2,1,2,2,3,3,4,3,2,1,1,2,3,4,3,2,3,2,2,1,2,3,2,3,4,3,3,1,2,3,4,4,2,3,2,1,1,2,3
95,1,1,2,2,1,4,2,2,1,1,2,3,2,1,1,1,2,3,4,4,3,3,3,2,2,1,1,2,3,2,3,4,4,1,3,1,1,2,2,2,1,3,3,4,3,2
99,3,2,3,1,1,1,1,1,1,1,2,3,2,1,1,2,3,2,2,1,2,1,2,1,2,1,2,1,1,2,3,2,1,1,2,1,2,3,2,1,2,2,3,2,2,1
123,1,1,2,2,4,4,2,2,1,1,4,3,2,4,2,3,1,1,2,3,3,3,3,3,1,4,2,3,4,2,1,3,3,2,3,3,2,4,4,2,2,1,1,4,3,3
136,1,1,2,2,4,4,2,2,1,1,2,3,2,4,3,3,1,3,2,1,3,3,4,2,3,2,3,3,4,3,3,2,3,3,1,2,1,3,3,3,3,3,4,3,2,3
144,1,1,2,2,4,4,2,2,1,1,3,3,3,3,4,4,3,3,1,1,2,3,3,2,3,2,4,3,1,3,3,3,3,4,3,2,1,1,2,2,4,3,3,4,3,4
145,1,1,2,2,4,4,2,2,1,1,2,2,3,3,4,4,2,2,2,1,1,3,3,4,3,2,3,1,1,2,3,3,3,4,4,4,3,2,2,1,1,1,2,3,3,4
146,1,1,2,2,4,4,2,2,1,1,1,1,2,2,3,4,4,4,3,1,1,2,2,3,3,4,4,3,2,2,3,2,2,3,3,3,4,4,1,2,2,1,3,4,3,2
147,1,1,2,2,4,4,2,2,1,1,2,2,3,3,4,3,1,1,2,2,3,3,4,4,3,2,1,1,2,2,2,3,3,4,4,3,3,2,1,3,2,3,3,4,3,2
148,1,1,2,2,4,4,2,2,1,1,3,4,3,1,2,2,2,1,3,3,4,2,3,1,2,2,1,3,4,3,3,2,2,2,2,2,3,3,4,4,1,2,2,3,3,4
149,3,4,5,3,2,4,5,6,4,3,4,4,3,2,2,3,1,1,1,2,1,3,4,4,3,3,2,1,3,2,2,3,3,2,4,3,3,2,2,1,1,1,3,3,4,2
151,1,1,2,2,4,4,2,2,1,1,2,2,3,2,1,3,2,2,3,4,2,3,2,1,2,2,3,3,2,2,2,3,3,1,4,3,3,2,2,1,1,1,2,3,3,4
152,1,1,2,2,4,4,2,2,1,1,3,2,2,3,3,4,4,3,1,1,3,2,1,3,3,2,1,4,4,3,2,2,3,3,4,3,2,1,2,3,3,4,2,2,1,3
153,1,1,2,2,4,4,2,2,1,1,2,2,3,2,4,2,3,1,2,3,3,4,4,2,1,1,4,3,2,2,2,3,3,4,4,2,1,1,2,3,3,3,1,1,2,4
154,1,1,2,2,4,4,2,2,1,1,2,2,3,3,3,4,3,4,3,2,2,2,1,2,3,3,4,2,3,3,3,2,2,3,4,4,3,3,2,3,4,2,1,1,3,4
155,1,1,2,2,4,4,2,2,1,1,3,2,2,3,4,3,2,1,2,1,1,2,2,3,4,3,2,2,1,2,3,2,1,4,3,2,1,2,3,4,3,2,1,2,3,4
158,1,1,2,2,4,4,2,2,1,1,3,3,3,1,1,2,2,3,4,4,3,2,1,2,3,3,4,2,2,3,3,2,2,1,4,3,2,1,2,3,3,4,3,2,1,2
161,1,1,2,2,4,4,2,2,1,1,2,1,1,3,3,4,3,4,2,2,4,4,2,3,3,3,1,2,4,2,3,3,3,3,3,4,3,2,3,2,3,1,3,1,3,4
162,1,1,2,2,4,4,2,2,1,1,2,3,3,4,3,2,3,4,3,3,2,2,3,4,4,3,3,2,1,2,2,3,3,3,3,2,1,2,2,2,2,3,3,4,2,1
164,1,1,2,2,4,4,2,2,1,1,2,2,1,3,3,4,4,3,2,3,3,2,1,4,4,1,4,2,1,2,2,3,4,3,2,1,1,2,3,3,2,4,4,2,3,1
165,1,1,2,2,4,4,2,2,1,1,3,2,2,3,1,2,2,3,3,4,3,2,2,1,3,3,2,3,4,2,3,2,2,1,1,1,2,3,4,4,3,3,2,2,1,1
169,1,1,2,2,4,4,2,2,1,1,1,2,2,1,3,4,3,1,1,2,2,3,2,4,4,3,3,1,2,2,3,4,3,3,2,1,1,2,1,3,3,3,4,3,2,2
173,1,1,2,2,4,4,2,2,1,1,2,2,3,3,2,1,1,2,1,3,3,4,2,2,3,3,1,1,2,2,2,3,3,2,1,1,2,3,4,3,2,1,2,3,4,2
179,3,3,5,6,3,6,4,4,3,2,3,4,3,3,4,4,3,2,3,3,4,2,3,2,3,3,4,4,2,2,4,3,3,4,4,2,3,3,3,4,2,3,3,4,4,3
182,6,4,1,1,2,2,2,1,2,6,4,3,3,4,2,2,3,3,2,2,3,3,4,3,3,3,3,2,2,1,3,3,3,2,2,1,4,3,1,3,4,2,1,2,2,1
183,6,3,2,1,1,4,3,1,6,5,2,1,2,4,3,4,4,4,1,3,2,1,2,4,2,4,4,3,4,4,2,2,1,3,2,3,1,3,1,1,3,4,4,2,4,1
184,1,4,6,1,6,4,1,3,6,6,3,2,3,4,2,3,4,2,1,3,2,3,3,1,2,4,1,4,1,3,4,2,1,2,2,3,1,3,2,1,3,2,3,3,4,3
186,5,4,5,4,4,3,3,5,5,3,1,1,4,4,4,4,1,1,1,3,1,4,4,2,3,4,1,2,3,4,4,1,3,4,4,1,4,2,3,4,4,3,1,3,4,4
187,5,1,6,4,4,1,6,6,6,2,2,4,3,4,2,1,2,3,1,3,4,1,3,4,3,4,2,1,2,2,2,1,3,2,3,1,1,4,1,4,2,2,3,4,1,3
188,3,5,3,6,6,5,2,6,5,4,2,4,4,4,4,3,2,3,3,2,3,3,3,3,1,3,4,3,4,3,2,2,3,4,4,2,4,2,4,3,4,4,3,3,1,2
189,5,3,2,2,2,4,5,3,3,2,3,2,4,4,1,3,4,4,3,1,2,4,4,3,1,3,4,3,1,1,3,2,4,1,2,3,4,2,3,1,1,1,1,1,2,4
190,4,2,4,4,3,1,2,4,5,2,4,1,2,1,2,3,1,4,2,4,2,1,2,4,2,3,1,2,2,3,2,4,2,2,1,2,2,4,3,1,3,1,3,3,1,2
191,3,6,4,5,6,6,5,2,5,6,3,2,1,4,1,1,4,4,1,2,2,2,3,2,4,2,3,2,4,4,2,2,3,1,2,4,2,2,4,1,1,4,4,2,2,3
192,1,3,1,2,6,4,4,5,6,3,4,1,4,2,1,1,1,2,1,3,4,4,2,1,3,2,1,3,2,2,4,4,4,1,2,2,2,1,2,2,3,3,4,2,3,3
193,3,5,3,5,1,1,4,4,6,3,4,3,2,2,2,4,3,4,1,3,1,4,1,1,1,2,3,4,4,3,3,3,3,2,3,4,2,3,3,1,4,3,1,4,3,3
194,5,2,6,1,4,2,5,6,3,2,4,4,4,3,1,4,4,3,2,2,2,1,2,3,3,1,2,1,4,2,1,1,2,1,3,4,1,3,3,4,3,1,1,4,2,1
195,6,6,6,1,5,6,1,2,6,6,2,1,2,2,1,3,1,1,4,3,4,1,2,2,4,3,1,4,4,1,1,2,1,1,4,2,1,1,2,1,1,4,3,1,4,1
196,5,1,4,4,2,4,3,2,5,6,2,4,3,3,4,3,2,2,4,1,1,4,4,3,2,2,1,4,1,4,4,3,1,4,2,2,3,1,1,3,1,2,4,1,4,2
197,5,3,2,3,5,3,4,1,2,3,1,4,4,2,1,1,3,2,2,1,3,2,3,3,4,3,1,3,2,4,2,4,2,1,2,2,1,4,3,4,4,4,1,3,4,4
198,2,2,4,5,1,4,4,1,3,2,1,1,1,2,3,2,1,4,3,2,2,4,3,1,1,1,4,3,3,2,4,2,1,3,3,3,1,2,2,1,1,4,4,2,1,1
199,3,1,5,1,6,4,6,6,6,3,2,3,4,1,2,2,4,1,3,4,1,2,4,4,2,4,4,2,2,2,2,2,3,2,3,4,4,3,4,1,2,4,3,3,3,3
200,6,3,6,2,2,2,2,4,2,3,3,2,1,1,3,4,2,2,2,3,3,2,2,2,4,3,2,3,3,4,4,1,1,3,1,2,4,3,1,4,1,3,4,4,2,1
201,2,6,4,2,3,5,1,6,6,2,1,2,1,3,1,4,2,2,1,1,3,2,1,3,3,4,3,1,1,3,4,2,4,1,4,3,3,1,2,1,3,3,1,3,1,3
202,4,1,1,4,6,4,5,5,5,3,1,1,2,3,2,3,4,2,1,2,4,1,3,2,3,4,1,3,4,3,4,3,1,2,1,1,3,3,4,2,4,1,2,4,1,3
203,2,1,6,6,4,1,3,3,3,2,3,4,3,3,2,2,3,1,2,1,3,4,3,2,1,3,4,4,4,3,4,3,2,2,4,4,2,3,2,1,3,2,1,1,3,1
204,5,1,1,3,5,4,2,5,6,2,2,3,1,4,3,1,1,1,2,4,4,1,1,4,2,2,1,2,4,4,3,3,2,3,2,2,3,2,4,3,4,2,3,3,3,4
205,5,3,5,2,6,2,1,6,6,3,1,4,2,1,4,2,1,2,1,2,2,3,3,4,4,1,1,2,2,3,1,1,1,4,2,2,2,3,3,3,4,4,1,4,1,3
209,2,1,4,6,2,6,4,4,2,1,4,3,4,4,3,4,2,3,4,4,2,3,4,2,4,4,3,3,2,4,4,3,4,3,4,3,3,4,2,2,3,3,2,3,3,3
211,4,4,4,2,6,2,4,2,6,3,2,4,2,2,1,2,1,3,3,4,2,1,3,2,4,3,4,1,3,1,2,4,4,1,2,3,4,2,4,1,1,1,3,4,2,2
212,3,3,3,6,5,5,5,1,6,3,2,3,4,4,2,4,1,2,1,4,3,1,2,3,2,3,2,3,1,1,4,4,1,2,4,2,1,1,1,4,3,4,1,4,3,4
213,1,1,1,5,4,5,3,2,4,6,1,1,4,1,3,4,3,2,3,1,2,1,3,1,3,1,2,4,2,1,4,2,2,3,1,1,3,3,2,3,3,2,4,4,1,1
214,4,2,4,6,4,2,4,1,4,3,2,4,1,4,2,3,3,3,3,4,1,4,1,3,2,4,3,2,2,2,3,1,2,2,1,2,4,1,2,3,1,1,2,1,1,1
215,6,2,2,5,6,1,6,5,3,2,3,4,3,3,2,1,2,3,1,4,2,4,4,3,2,3,2,3,3,1,4,2,4,2,1,3,4,3,1,3,4,1,4,2,4,3
216,5,3,1,4,1,1,1,3,1,1,1,4,3,1,2,1,4,4,4,2,4,3,2,1,1,4,1,4,1,2,4,1,4,2,2,4,3,3,3,1,2,4,4,1,3,3
217,5,1,2,4,4,2,5,6,3,2,3,2,2,3,1,3,4,2,3,1,3,3,4,2,1,3,1,1,3,4,3,3,3,1,3,1,4,3,1,3,1,3,3,4,2,3
218,6,2,3,4,5,6,2,5,5,3,2,1,3,1,4,2,4,2,4,3,2,4,4,4,3,4,1,4,1,3,3,3,2,4,4,2,3,3,4,2,2,3,4,4,1,3
219,5,5,1,1,3,6,4,5,3,3,1,1,2,4,3,2,1,2,2,3,1,2,3,1,2,4,3,2,3,4,3,4,3,3,1,2,3,3,4,3,4,4,2,2,1,4
220,1,6,4,6,2,2,3,3,6,3,4,2,3,2,4,2,3,4,3,3,4,3,3,1,3,2,2,3,1,2,2,3,4,4,3,1,2,2,2,2,2,1,3,4,3,4
221,2,5,5,1,4,2,3,5,5,6,4,3,4,3,2,3,3,3,1,3,4,2,3,3,4,3,4,2,2,1,3,3,3,2,2,1,4,2,3,2,2,1,3,1,4,2
222,6,1,6,4,1,2,5,2,4,1,3,2,4,4,1,4,2,3,1,2,4,1,4,1,1,3,2,2,1,1,2,3,4,1,3,2,1,2,1,3,1,4,4,2,1,4
223,5,5,5,4,1,1,3,3,2,1,4,2,3,2,4,3,4,2,1,1,3,2,3,2,2,2,4,3,1,1,4,1,1,4,3,3,3,1,3,3,3,3,3,4,2,3
224,5,3,4,6,3,2,1,2,1,3,4,4,3,3,4,2,1,2,1,4,2,4,3,4,1,2,3,3,4,3,1,3,3,4,1,2,3,1,4,1,1,1,4,2,3,2
225,4,5,3,2,3,3,2,2,4,2,1,2,2,3,1,3,1,2,4,1,3,2,1,1,4,2,2,3,2,2,1,4,2,1,4,1,1,3,3,1,2,4,4,1,3,1
229,6,2,2,5,1,1,2,1,1,1,1,2,2,2,2,2,2,2,2,2,3,2,2,3,3,2,2,3,2,1,2,2,2,2,2,3,2,2,3,2,2,3,2,3,2,2
240,3,2,2,2,2,2,2,2,2,2,3,3,2,2,1,1,2,2,3,3,2,2,3,3,3,2,2,1,1,3,3,2,2,1,3,2,2,1,1,2,2,3,3,2,2,1
241,5,4,4,3,3,3,3,4,4,3,3,2,2,2,3,3,3,3,2,2,2,3,3,3,3,2,2,3,3,3,3,3,4,3,3,3,3,2,2,3,3,3,2,2,3,3
244,1,1,1,6,1,1,1,1,1,1,4,4,4,3,4,4,4,4,3,3,3,2,2,1,1,1,4,4,1,4,4,4,3,4,4,4,4,3,2,2,2,2,2,4,4,2
247,6,1,1,6,6,1,5,5,1,1,2,4,3,3,4,4,3,3,3,3,3,3,3,3,3,3,4,3,3,2,3,3,3,4,3,3,3,4,3,3,3,3,2,3,3,3
251,3,4,4,3,3,4,4,3,3,2,3,3,2,2,3,3,2,2,1,1,2,2,3,3,2,2,3,3,2,3,3,2,2,3,3,4,4,3,3,2,2,1,1,2,2,3
252,4,4,3,4,5,5,4,4,3,4,3,3,4,4,3,3,2,2,3,3,4,4,3,3,2,2,3,3,1,3,2,2,3,3,2,2,1,1,1,2,2,2,3,3,2,2
254,3,4,5,4,4,3,3,4,4,5,2,2,3,3,3,3,2,2,2,2,2,3,3,2,2,2,1,2,3,2,2,2,3,3,3,3,2,2,2,2,2,2,1,1,2,3
255,6,2,2,2,2,3,2,2,2,2,1,1,2,1,2,1,1,1,1,1,3,3,3,1,1,1,1,3,3,2,2,2,2,2,2,2,2,2,2,2,3,2,1,1,3,3
257,4,5,5,4,4,3,3,4,4,3,3,3,2,2,1,1,2,2,3,3,3,2,2,2,3,3,3,2,2,3,3,4,3,1,2,2,2,3,3,3,2,2,2,3,3,2
263,2,1,1,2,1,2,1,1,1,1,2,2,2,1,1,2,1,1,1,1,1,1,3,1,1,2,1,2,1,1,1,1,1,1,2,1,2,1,1,1,1,3,1,1,2,2
269,3,4,2,1,1,1,1,4,5,4,2,3,3,3,2,1,1,3,2,4,4,3,2,2,1,3,3,2,2,3,3,4,3,2,1,2,3,4,4,3,1,1,2,2,2,3
273,1,1,2,2,1,1,1,1,1,1,3,4,2,2,1,2,3,3,4,4,3,2,1,1,2,2,4,3,3,3,2,1,1,1,3,3,4,3,2,2,3,3,4,4,2,2
276,2,2,2,2,1,1,2,1,2,2,3,3,3,3,3,3,3,3,3,3,3,3,3,3,3,3,3,3,3,3,3,3,3,3,3,3,4,3,3,4,4,3,2,3,3,2
277,2,3,2,3,4,2,2,3,3,1,2,3,3,4,3,2,1,2,3,2,4,4,2,2,1,1,2,1,3,2,2,3,3,3,3,2,1,2,2,3,3,3,3,2,3,1
284,2,2,2,4,3,4,5,4,5,1,2,4,3,2,1,2,2,3,4,4,3,3,2,3,1,1,2,3,4,3,2,2,4,1,4,3,2,2,1,3,3,4,3,2,2,1
291,5,1,2,2,1,1,1,1,2,1,1,1,1,1,1,1,1,1,1,1,1,1,3,1,1,1,1,3,1,1,1,1,1,1,1,1,1,1,1,1,1,3,1,1,3,1
309,6,1,1,2,2,3,1,1,2,1,3,2,1,2,1,1,1,2,2,1,1,1,3,1,2,2,1,2,1,2,2,1,1,1,1,1,2,2,1,1,1,3,1,1,1,1
330,4,5,3,2,4,5,3,4,5,3,3,4,2,3,4,2,3,3,2,4,3,2,4,1,2,3,2,3,2,3,3,4,2,4,1,2,3,2,1,3,3,4,3,2,3,4
331,3,1,1,2,1,1,1,1,1,1,2,1,1,2,1,1,1,2,1,1,1,1,1,1,1,1,1,1,1,2,1,1,1,1,1,1,2,1,1,1,1,1,1,1,1,1
382,4,4,5,5,4,4,5,5,4,3,2,2,2,2,2,3,3,3,2,2,2,1,1,1,2,2,2,3,2,2,2,3,3,2,3,2,2,1,2,2,3,3,2,2,1,2
383,5,1,1,6,4,4,1,4,4,1,3,3,3,2,3,2,2,3,3,3,2,2,4,2,3,3,4,4,2,3,3,3,3,3,3,3,3,3,3,3,3,3,3,3,3,2
395,3,2,1,6,1,1,1,1,1,1,3,3,2,3,2,2,3,3,2,1,1,1,1,1,3,3,1,2,1,3,3,1,3,2,2,3,3,2,1,1,1,1,1,1,1,1
410,1,1,2,2,2,1,2,2,2,1,4,3,1,1,1,3,1,4,2,2,1,1,2,1,1,1,1,3,1,3,3,1,1,1,3,1,4,2,2,1,1,3,1,1,3,1
423,2,1,1,6,1,1,1,2,2,2,3,3,2,1,1,2,2,3,3,3,2,4,2,1,1,1,3,3,3,2,2,2,2,1,1,3,3,2,2,1,3,3,1,2,2,2
438,6,1,1,6,1,1,1,1,1,1,4,4,2,3,3,3,3,4,4,4,3,4,4,1,1,1,3,3,3,3,3,3,3,3,4,4,4,4,4,3,4,4,1,3,3,3
445,4,1,1,4,1,4,1,1,1,1,2,2,2,2,3,3,3,3,3,3,4,2,1,1,1,1,3,3,3,2,2,2,2,3,2,2,3,3,3,4,2,1,1,3,3,3
460,2,2,2,2,2,2,2,2,2,2,1,1,1,1,1,1,1,1,1,1,1,1,1,1,1,1,1,1,3,1,1,1,1,1,1,1,1,1,1,1,1,1,1,1,1,3
469,6,1,1,1,6,1,1,1,1,1,1,1,1,1,1,1,1,1,2,1,1,1,1,1,1,2,1,1,1,2,2,1,1,1,1,1,2,2,1,1,1,2,1,1,1,1
471,5,4,3,4,5,3,3,4,3,4,3,2,3,4,3,2,3,4,3,2,3,3,2,3,3,2,3,2,3,3,2,3,4,3,2,3,2,2,3,3,2,3,4,3,2,3
569,1,1,1,6,1,1,1,1,1,1,3,2,2,1,1,1,1,2,1,2,1,1,1,1,1,1,1,1,1,3,3,2,1,1,3,3,3,1,1,1,1,1,1,1,1,1
599,1,2,1,1,1,1,1,1,1,1,1,2,2,1,2,2,1,2,3,2,2,1,2,2,1,2,2,1,1,2,1,2,3,2,2,1,2,1,1,2,3,3,1,2,1,1
609,1,1,5,5,1,6,1,1,1,1,1,1,1,1,1,1,1,1,1,1,1,1,1,1,1,1,1,1,1,1,1,1,1,1,1,1,1,1,1,1,1,1,1,1,1,1
613,3,3,4,2,3,2,2,4,3,2,2,3,3,2,2,3,3,2,2,2,3,3,2,1,2,3,3,2,2,3,2,2,3,2,2,2,1,1,2,2,2,3,3,2,2,1
619,6,5,6,5,5,6,5,4,4,6,4,3,3,4,4,3,4,4,4,4,2,1,4,2,4,4,4,4,4,4,3,3,4,4,4,3,2,4,4,4,4,3,4,4,4,4
627,6,1,3,5,2,3,1,2,6,6,4,4,4,4,4,4,4,4,4,4,4,1,3,4,3,3,4,4,4,4,4,4,4,4,4,4,4,4,4,2,1,4,3,4,4,4
635,4,1,1,4,1,1,1,1,1,1,2,3,2,1,3,1,1,4,3,1,1,1,2,1,1,4,1,3,1,2,3,1,1,3,1,1,4,3,1,1,1,2,1,1,3,1
639,1,2,1,2,1,1,1,1,1,1,2,2,2,2,1,1,2,1,1,1,1,1,2,1,1,1,1,1,1,1,1,1,1,1,1,1,1,1,1,1,1,1,1,1,1,1
672,6,1,1,6,1,1,1,1,5,6,3,4,1,1,4,1,4,4,3,4,1,1,1,1,1,1,1,3,2,4,4,1,1,4,3,4,4,3,3,1,1,1,1,1,3,2
677,3,4,4,3,3,3,4,5,3,4,2,3,4,3,4,3,3,3,3,4,2,3,3,3,2,4,3,4,3,3,2,3,2,4,2,3,3,3,3,2,3,2,1,1,2,3
681,1,1,1,6,1,1,1,1,1,1,1,1,1,1,1,1,1,1,1,1,1,1,1,1,1,1,1,1,1,2,2,1,1,1,2,2,1,2,1,1,1,1,1,1,1,1
691,2,1,1,4,3,1,1,1,1,1,1,1,1,1,1,1,1,1,1,1,1,1,1,1,1,1,1,1,1,1,1,1,1,1,1,1,1,1,1,1,1,1,1,1,1,1
694,3,3,2,3,2,1,1,1,1,1,3,2,2,2,3,3,3,3,2,2,2,1,3,1,2,1,3,2,1,3,3,2,2,3,3,3,3,2,2,1,1,3,1,3,2,1
696,2,1,2,2,1,1,1,1,3,1,1,1,1,1,1,1,1,1,1,1,1,1,1,1,1,1,1,1,1,2,2,1,1,1,1,1,1,3,1,1,1,1,1,3,3,1
699,1,1,1,6,1,1,1,3,1,1,2,1,1,1,1,1,1,1,1,1,1,1,2,1,1,1,1,1,1,2,2,1,1,1,2,1,1,2,1,1,1,2,1,1,1,1
719,2,1,2,1,1,1,1,1,1,1,3,3,3,3,3,3,3,3,4,3,3,1,3,1,1,1,3,3,3,2,2,2,2,3,2,2,2,2,2,2,2,2,2,2,2,2
733,3,1,1,1,1,2,1,1,2,1,1,1,1,1,1,1,1,1,1,1,1,1,1,1,1,1,1,1,1,3,3,1,1,1,1,3,4,1,1,1,1,3,1,2,2,1
737,5,1,1,4,1,1,1,1,1,1,4,4,1,4,4,1,4,4,4,4,1,1,2,1,1,1,4,4,1,3,3,1,1,4,1,4,4,4,1,1,1,3,1,1,1,1
741,2,1,4,6,2,6,4,5,1,1,4,3,3,4,3,4,4,3,3,3,4,2,4,2,3,3,3,3,2,3,4,3,4,3,4,3,4,3,3,4,2,4,2,3,3,3
750,4,6,3,4,4,1,4,6,1,4,4,4,4,1,2,4,3,1,2,1,1,3,3,2,4,4,1,3,4,1,2,1,2,2,4,4,2,2,4,1,1,2,4,4,2,3
751,5,5,3,4,5,1,2,4,5,6,3,2,3,2,1,3,1,2,4,3,2,2,3,3,4,3,3,3,2,3,2,2,3,1,1,1,4,3,3,4,3,3,2,4,1,2
752,6,4,6,6,4,2,5,3,1,5,2,2,2,2,3,4,4,2,1,4,3,2,1,4,2,1,2,2,3,1,2,4,3,3,1,2,1,1,4,3,1,2,4,4,4,2
753,4,6,3,4,6,6,6,1,4,4,3,4,1,2,1,1,2,1,4,2,4,4,3,2,3,1,4,1,4,3,3,1,4,1,2,1,2,1,1,3,4,3,1,3,2,4
754,4,4,4,4,1,1,6,1,2,2,1,1,1,1,3,3,1,3,4,2,1,1,2,2,3,1,4,3,4,2,3,2,1,3,1,4,2,3,2,3,2,3,2,1,2,1
755,2,1,2,1,5,4,2,6,6,4,3,4,1,3,2,3,2,1,1,2,1,1,2,1,4,3,2,1,2,2,2,1,3,2,3,3,4,4,3,3,2,2,2,4,1,4
756,5,5,5,6,4,5,6,6,3,4,4,1,4,4,2,3,1,3,1,2,1,1,4,1,3,3,4,4,2,1,1,2,2,2,4,3,1,2,1,4,1,2,4,3,4,2
757,6,1,4,3,1,1,5,5,2,3,2,2,1,2,4,1,3,4,3,3,2,2,3,2,3,2,1,1,2,1,2,2,1,4,2,2,4,4,2,3,3,1,1,2,3,4
759,1,1,1,2,1,1,4,2,6,6,4,1,1,1,3,4,4,1,4,3,4,1,4,1,3,3,3,3,2,2,4,4,2,3,4,4,4,4,4,2,4,2,3,4,3,3
760,3,1,5,6,2,5,5,1,2,2,3,1,2,4,2,4,3,3,3,4,2,4,2,1,3,1,2,4,3,2,1,4,1,2,3,1,4,4,4,2,3,3,3,4,4,4
761,5,3,6,5,1,1,3,5,3,4,4,1,4,1,1,4,1,1,3,2,1,2,1,4,2,3,1,4,2,3,3,1,3,1,2,4,1,4,2,1,3,4,4,4,3,1
762,6,5,6,6,5,1,3,5,1,5,1,1,4,1,1,4,2,3,1,1,1,3,3,1,1,3,3,1,3,3,1,1,4,1,3,3,3,2,1,3,3,1,1,3,4,3
763,2,2,1,4,2,5,3,5,2,5,4,3,2,1,3,2,3,1,3,4,2,1,2,4,4,1,3,1,4,1,1,3,4,3,1,4,3,1,1,3,1,4,3,4,3,1
764,4,2,4,4,5,2,1,2,1,3,3,3,2,4,3,2,2,2,4,1,4,4,3,1,2,2,3,4,3,2,3,1,2,3,2,2,4,2,4,2,1,4,1,4,3,4
765,6,6,2,4,1,3,5,3,6,1,3,2,4,4,2,1,1,3,1,1,3,1,3,3,1,3,1,1,4,1,3,1,2,2,4,2,2,4,3,1,3,3,1,1,3,2
766,4,4,1,3,4,5,3,3,3,4,4,2,1,2,2,2,3,1,4,3,3,1,1,3,2,1,2,4,2,1,1,3,4,2,2,4,1,1,2,2,3,4,1,1,3,4
767,3,1,4,1,6,5,5,4,5,5,3,2,4,1,3,3,4,4,4,4,3,2,3,4,3,1,1,2,4,2,4,1,4,3,3,2,3,4,4,1,3,3,2,3,4,3
768,6,4,1,6,6,3,2,1,2,2,3,2,1,3,3,4,3,3,3,4,3,1,3,1,4,4,3,4,4,2,4,2,1,3,2,3,1,4,3,3,2,3,2,1,4,1
769,3,4,1,3,3,1,6,4,6,5,2,2,2,3,1,4,3,2,4,4,4,2,2,3,1,3,1,3,3,3,2,4,4,1,3,3,3,4,1,2,2,4,4,2,4,1
770,6,4,2,4,1,6,3,1,5,1,3,3,1,3,2,4,2,4,2,3,1,4,1,2,2,2,1,2,1,3,4,3,3,2,3,1,1,1,1,4,2,1,1,3,1,3
771,2,6,6,2,4,5,3,4,5,2,1,1,2,4,4,2,4,2,4,2,1,2,3,3,3,4,3,3,1,3,3,4,3,4,2,2,1,4,4,1,4,4,3,1,2,4
772,2,2,2,5,5,5,2,3,1,2,4,3,2,3,1,3,1,4,2,2,1,2,4,3,4,4,3,4,1,1,2,1,2,1,4,2,3,3,4,2,1,2,1,1,2,4
773,4,1,3,2,4,5,2,6,6,1,2,4,1,3,3,3,2,4,1,4,3,2,3,3,1,3,2,2,2,1,3,2,3,3,4,2,3,3,4,1,1,1,3,1,3,4
774,5,1,3,5,2,1,3,5,1,6,3,4,3,4,3,2,3,2,3,2,4,1,3,2,2,1,3,4,3,3,1,1,1,3,3,1,3,4,1,4,2,3,4,4,3,1
775,2,3,1,5,5,1,6,4,2,2,2,2,4,2,3,4,4,1,1,2,4,4,4,1,2,3,4,1,4,4,2,1,3,3,2,2,1,4,3,4,2,1,1,1,2,2
776,2,5,3,6,6,1,2,1,3,2,4,2,4,2,2,1,3,3,2,1,1,4,2,1,3,2,3,4,3,4,1,2,2,2,1,4,3,4,4,3,4,2,4,2,3,3
782,2,1,2,2,1,2,1,1,1,1,3,3,2,2,1,3,3,4,4,2,1,1,3,1,2,2,1,3,3,1,1,1,1,1,2,1,1,2,1,1,1,2,1,1,1,1
798,6,4,5,3,1,1,3,5,1,1,1,3,3,3,2,3,3,2,2,3,3,3,3,2,3,3,3,3,3,3,4,4,3,2,3,4,3,3,3,3,3,4,3,3,2,3
801,3,1,1,2,1,1,1,1,1,1,2,1,1,1,2,1,1,1,1,1,1,1,3,1,1,1,4,4,3,1,1,1,1,2,1,1,1,1,1,1,1,1,1,1,1,1
802,1,1,1,6,1,1,1,1,1,1,3,3,2,2,2,3,1,3,2,1,2,1,3,1,1,1,2,2,2,2,1,1,2,2,2,1,1,1,1,1,1,1,1,1,2,1
815,3,3,4,3,2,3,4,4,3,3,3,3,3,2,2,2,1,1,1,2,2,3,3,3,3,2,2,2,1,3,3,2,2,2,3,4,4,3,3,2,2,3,3,3,2,3
823,4,5,4,3,3,4,4,5,4,3,3,3,3,3,3,2,2,3,3,2,2,2,3,3,2,2,2,3,3,2,2,2,3,3,3,2,2,1,1,2,2,3,3,2,2,3
824,4,3,4,5,4,3,2,3,4,3,3,3,3,2,2,2,1,1,1,1,1,2,2,2,2,1,1,1,2,3,3,2,2,2,1,2,2,3,3,2,2,1,1,1,1,2
825,1,1,1,2,1,2,1,1,1,1,2,3,3,4,4,2,4,4,3,4,3,2,3,1,1,1,3,3,2,3,3,3,4,4,1,4,4,2,4,2,1,3,1,3,3,1
827,6,1,2,6,1,1,1,2,2,1,4,4,1,3,4,4,4,4,1,1,1,1,4,1,1,1,4,4,1,4,4,1,3,4,4,4,4,2,2,1,1,4,1,4,3,1
830,2,1,2,6,2,4,5,1,3,1,3,4,1,1,2,4,4,2,4,3,1,3,2,3,4,3,3,4,1,3,3,2,1,2,4,2,4,4,3,2,3,4,2,2,4,1
831,4,3,6,2,6,2,6,5,3,5,3,2,4,1,1,2,3,4,4,1,2,1,1,2,3,3,3,1,2,3,4,4,4,1,3,1,1,4,2,2,4,2,3,4,1,2
832,5,6,3,2,2,2,3,1,1,2,2,1,1,3,3,2,1,2,4,3,3,3,2,2,1,1,4,3,2,2,4,3,4,3,3,3,3,1,4,4,4,2,4,3,4,2
833,6,2,3,3,4,4,5,2,1,6,3,1,2,1,1,4,1,4,1,4,2,3,3,3,1,1,4,3,4,1,3,2,3,1,3,3,4,1,2,2,1,2,1,4,1,3
834,4,6,4,4,4,4,5,2,1,1,1,3,3,2,1,2,4,3,2,2,1,1,3,4,1,1,2,1,2,1,1,1,4,1,1,1,4,2,4,2,3,1,2,3,1,4
835,4,4,6,2,4,1,4,1,2,4,1,2,1,1,4,4,4,4,4,1,2,1,1,3,4,3,1,2,2,2,4,1,1,4,4,3,1,4,2,2,1,2,2,4,2,3
836,1,6,6,1,4,4,5,1,4,5,1,1,4,3,1,3,3,3,1,2,2,2,2,4,2,3,2,2,3,4,4,2,3,1,4,3,2,1,2,3,1,1,1,3,1,4
837,3,6,2,6,1,3,5,2,6,2,2,1,3,4,3,3,2,3,3,2,4,3,2,1,1,3,1,1,1,4,1,2,2,3,1,4,2,1,2,1,3,4,4,3,3,2
838,1,5,1,2,6,2,3,4,3,6,1,4,1,1,1,1,1,1,4,3,2,4,2,1,4,1,3,3,4,1,2,1,2,1,3,3,3,4,1,2,3,2,4,2,3,3
839,6,3,5,3,4,5,6,5,3,3,1,3,1,1,1,2,3,2,4,3,2,3,3,2,2,1,1,1,4,2,1,2,1,1,4,3,4,2,4,1,3,1,1,4,3,1
840,1,6,3,2,6,3,2,5,4,1,4,1,2,4,1,2,2,1,2,1,3,4,3,1,3,1,2,2,3,2,4,4,4,1,3,1,4,3,1,3,1,2,4,1,4,1
841,2,1,2,5,1,3,3,6,6,5,2,4,2,3,2,1,3,1,3,1,2,1,2,4,2,4,3,3,2,2,2,2,3,2,3,4,3,4,4,3,3,3,4,3,1,4
843,1,1,1,1,1,1,1,1,2,1,3,3,2,1,1,1,1,3,2,2,1,1,1,1,1,1,1,3,3,3,3,1,1,1,1,1,3,2,1,1,1,1,1,1,3,3
848,6,1,1,4,3,1,1,1,1,1,3,3,2,2,3,3,3,3,3,3,1,1,4,2,4,4,1,3,3,3,3,2,2,3,3,3,3,3,3,1,1,4,2,2,3,2
850,2,1,1,1,1,2,2,1,2,2,2,2,1,1,2,2,3,3,2,2,3,1,3,2,1,1,3,3,3,3,3,1,1,2,1,2,2,2,2,1,1,1,1,1,3,1
863,6,1,1,4,1,1,1,1,1,1,1,1,1,1,1,1,1,1,1,1,1,1,3,1,1,1,1,1,1,1,1,1,1,1,1,1,1,1,1,1,1,2,1,1,1,1
887,4,4,5,5,4,4,3,3,4,5,2,2,1,1,2,2,3,3,2,2,2,1,1,1,2,2,2,1,1,3,3,2,2,2,1,2,2,3,3,2,2,1,1,2,2,3
888,5,5,6,4,4,5,6,6,6,5,4,3,3,2,2,1,4,3,3,2,2,1,4,4,4,2,1,4,2,1,1,2,2,2,1,2,4,3,3,3,4,4,4,1,2,4
890,4,4,5,4,3,4,5,4,4,3,2,2,2,3,2,2,3,3,2,2,2,2,2,2,2,3,3,3,2,3,3,2,2,2,1,2,2,3,3,3,3,2,2,1,1,2
892,4,3,3,4,4,3,3,4,4,3,3,3,2,2,3,3,3,2,2,2,2,1,1,1,1,2,2,2,3,3,3,2,2,3,1,1,1,2,2,2,3,3,3,2,2,2
894,2,2,2,1,2,1,1,2,1,1,2,3,1,1,1,1,2,2,2,2,2,1,2,1,1,1,1,2,1,2,2,1,1,1,3,3,3,3,3,1,1,2,1,1,2,1
904,3,3,2,3,3,3,2,3,3,2,1,3,2,1,2,1,1,1,1,1,1,2,2,2,2,3,3,1,1,1,2,1,1,2,2,1,2,2,2,1,1,1,1,2,1,3
906,4,5,4,3,1,2,4,2,5,4,4,3,4,2,3,3,3,4,4,3,1,1,3,2,2,3,4,2,2,1,2,2,2,3,3,1,2,4,3,2,3,2,2,2,2,2
934,1,3,3,2,5,6,4,4,2,4,4,3,1,2,2,3,3,1,1,1,2,3,3,2,1,2,3,3,1,2,3,4,2,2,3,3,2,4,2,2,1,2,1,4,1,2
935,1,5,3,6,4,5,6,2,1,1,3,3,4,2,1,2,3,4,1,3,1,1,2,1,2,3,1,4,4,4,1,2,2,1,4,3,2,4,4,3,4,3,1,4,3,2
936,3,5,1,5,2,5,2,6,4,1,3,2,4,2,4,3,3,2,4,3,2,1,4,2,4,2,2,4,3,3,3,1,3,4,4,3,2,4,2,2,1,1,4,2,4,3
937,6,3,3,1,3,2,3,2,5,4,3,1,4,1,1,4,3,4,1,4,4,2,2,3,3,2,3,2,2,4,3,2,4,1,4,2,2,4,1,1,4,2,3,1,3,2
938,5,1,4,5,4,4,5,6,6,5,3,1,4,1,4,3,1,1,2,1,3,3,4,4,1,2,3,2,4,1,2,4,4,4,4,3,2,4,4,1,3,3,3,3,4,1
939,4,4,5,1,6,5,1,2,2,4,3,4,3,2,3,3,2,2,3,1,2,2,4,2,1,4,3,3,3,4,1,4,2,3,1,3,2,1,1,2,3,1,2,3,2,2
940,1,4,2,2,5,6,4,3,6,1,4,1,1,2,3,4,3,1,3,2,2,1,1,2,4,3,2,3,2,2,1,3,1,3,2,1,2,2,4,3,2,3,4,3,3,3
941,4,5,1,5,6,4,6,2,5,6,1,3,2,1,2,3,2,2,4,1,1,3,2,2,1,4,2,2,2,1,4,4,4,2,4,4,2,4,4,2,1,3,3,2,4,3
942,2,2,1,5,3,3,4,2,3,6,1,1,3,1,3,1,1,2,2,3,3,3,2,1,4,4,4,2,1,1,4,4,1,3,2,3,3,2,2,1,3,2,4,3,4,4
943,1,2,3,6,3,5,4,1,1,2,1,1,2,3,2,3,1,3,3,4,1,3,1,3,3,2,3,3,2,3,4,3,4,2,3,1,3,2,1,3,2,1,3,4,4,2
944,6,6,5,2,4,2,4,6,2,6,2,3,3,4,2,1,1,3,4,3,3,2,1,4,3,1,3,4,2,1,2,4,4,2,1,3,4,1,2,2,1,3,4,2,3,4
945,3,1,3,4,1,5,2,6,3,5,4,4,2,3,2,1,1,4,2,2,2,4,3,1,1,2,3,1,3,1,1,1,2,2,3,4,2,4,1,3,2,3,1,4,3,3
946,2,2,1,1,6,2,1,1,2,1,3,3,1,3,3,3,4,3,4,1,2,3,2,1,2,3,4,3,3,3,3,2,4,3,4,2,1,1,4,2,1,2,3,2,3,2
949,1,4,5,1,5,1,4,6,4,2,3,3,2,2,4,1,4,2,2,3,1,1,4,2,3,2,2,1,4,1,4,4,4,4,2,1,3,1,3,2,4,1,1,1,2,2
950,6,4,2,3,3,2,3,5,3,5,1,1,3,1,1,1,1,1,3,2,4,2,1,2,3,1,2,2,1,3,1,3,4,1,2,4,4,1,2,3,2,2,1,2,2,2
951,2,5,2,6,2,2,4,3,5,6,2,1,3,4,4,4,3,3,3,2,3,3,2,3,3,4,4,1,4,1,4,1,1,4,1,2,2,3,2,1,4,2,2,3,1,4
952,4,5,4,5,2,2,6,2,2,5,4,3,2,1,3,2,2,4,4,3,2,3,4,1,2,4,2,3,3,1,3,3,2,3,3,4,3,4,2,4,1,3,4,1,4,2
953,6,5,4,6,4,5,2,6,4,3,1,2,4,4,4,2,2,4,1,3,3,2,1,2,2,1,3,4,2,2,3,3,4,4,1,3,3,3,1,3,2,4,4,4,1,4
954,6,2,1,3,1,1,2,4,1,5,4,3,3,2,1,4,2,1,2,1,3,3,3,4,4,2,3,3,2,1,3,4,1,1,4,3,1,1,4,2,2,2,2,1,2,2
955,4,6,2,6,3,5,2,5,6,5,1,3,1,2,2,3,3,4,3,3,3,1,1,2,3,4,3,3,1,1,4,1,4,2,2,3,3,3,4,2,4,4,4,2,2,3
956,3,4,4,1,1,3,2,3,4,1,3,2,2,1,2,4,2,1,2,2,3,3,3,1,2,3,1,1,2,1,2,4,2,2,2,4,2,2,4,3,4,2,1,1,3,1
957,4,6,1,6,4,6,2,4,2,6,1,2,3,1,3,3,3,4,3,3,4,3,3,3,3,1,3,4,3,4,3,1,1,3,2,2,4,1,4,3,3,4,2,4,1,1
958,6,1,3,1,3,4,1,5,3,1,4,3,2,3,4,3,2,4,2,2,1,3,3,1,4,3,2,1,1,2,2,2,4,4,4,1,3,1,4,4,1,3,3,1,4,3
959,5,6,4,4,3,2,1,6,4,2,2,3,2,3,2,4,4,2,1,2,3,3,2,1,1,1,2,2,1,2,4,4,4,2,4,1,2,1,2,3,2,2,2,3,3,3
960,5,2,2,2,2,6,6,4,6,2,2,4,3,2,4,2,4,3,4,1,2,3,2,3,1,4,1,4,2,4,1,2,4,4,1,2,4,3,2,2,4,2,4,3,1,1
961,5,1,5,5,5,1,4,4,2,2,3,2,1,4,4,4,3,1,1,1,4,4,1,4,2,1,4,1,1,1,1,1,2,4,3,1,4,4,3,4,3,4,4,4,3,2
962,1,3,5,3,1,1,2,3,4,2,3,2,3,4,4,3,4,3,3,4,2,3,1,1,2,1,1,4,4,2,3,1,3,4,1,2,3,2,3,4,1,1,4,2,2,2
963,2,1,2,1,1,1,1,1,1,1,1,1,1,2,1,1,2,1,2,1,3,1,1,1,1,1,3,1,2,1,1,1,2,1,1,2,1,1,1,2,1,1,1,2,1,1
965,6,1,2,6,4,1,6,4,6,3,3,4,3,2,4,1,4,1,1,2,3,2,2,1,3,2,4,2,1,3,4,4,1,4,2,2,2,1,3,2,3,4,2,1,2,4
966,4,6,6,6,6,3,5,5,4,6,3,2,3,3,4,1,3,1,3,1,4,1,2,3,2,4,4,3,4,1,4,2,3,4,3,3,4,1,4,2,3,3,1,3,3,4
967,1,4,2,1,3,5,2,5,3,5,4,2,4,3,3,2,2,1,2,2,1,4,4,1,1,4,2,1,1,4,2,1,1,3,1,4,2,4,3,4,3,3,4,3,1,3
969,2,3,2,6,1,1,5,4,3,5,4,1,4,1,3,2,4,3,1,3,1,2,2,1,2,4,3,3,4,3,4,4,1,3,1,3,2,2,2,1,2,3,1,4,4,3
970,5,3,4,4,1,4,4,2,1,4,4,1,1,4,1,3,1,2,1,3,2,3,2,3,2,4,2,2,1,2,4,1,4,1,4,4,3,4,4,3,1,4,3,4,3,2
971,6,6,2,6,6,2,6,3,5,6,3,2,2,4,4,3,4,1,3,4,2,1,4,3,1,3,3,3,1,3,3,4,4,4,2,4,1,2,2,4,1,3,3,2,4,4
973,1,5,3,1,5,3,4,1,1,5,1,2,3,4,4,3,4,3,1,1,3,1,1,3,2,1,1,3,1,2,1,2,1,4,3,3,2,3,1,1,4,2,3,3,1,4
991,5,4,4,3,4,4,5,4,4,3,3,3,2,2,1,1,2,2,3,3,2,2,3,3,2,2,1,1,2,3,3,2,2,1,3,2,2,3,3,2,2,3,2,2,3,2
992,4,5,4,3,3,4,4,5,4,3,3,3,2,2,1,1,2,2,3,3,2,2,1,1,2,2,3,2,1,3,3,2,2,1,3,2,2,1,1,2,2,3,2,2,1,2
993,4,4,3,4,5,4,4,5,4,4,3,3,2,2,3,3,2,2,1,2,3,2,2,3,3,2,2,1,3,3,3,2,2,3,3,2,2,3,3,2,2,1,1,2,2,3
994,4,3,3,4,4,3,3,3,4,3,2,3,3,2,2,1,1,2,2,3,3,2,2,1,1,2,2,3,2,2,2,1,1,2,2,3,3,2,2,2,1,1,2,2,3,2
1006,3,2,3,1,5,4,4,1,6,1,2,1,4,1,4,3,1,4,2,2,3,4,1,1,1,2,3,1,4,2,1,3,3,4,4,3,4,2,2,1,3,1,4,1,3,1
1021,6,2,2,3,2,2,1,2,2,2,3,3,3,2,3,4,4,2,4,4,4,4,1,1,1,3,4,4,1,3,3,3,3,3,2,3,4,4,4,4,1,1,1,4,4,4
1025,5,4,4,2,6,1,6,2,3,6,4,2,3,1,3,3,2,4,4,3,1,2,3,1,4,2,4,4,4,3,1,2,2,3,2,1,2,2,1,1,3,1,2,4,3,4
1026,6,4,5,2,6,5,1,6,3,5,1,4,3,4,4,3,2,1,1,2,1,1,1,4,1,2,3,3,2,4,3,2,4,4,1,3,2,2,2,4,4,2,2,1,3,2
1030,1,1,1,2,1,1,1,1,1,1,2,2,3,1,1,2,2,3,3,3,2,2,3,1,1,1,1,3,1,2,2,2,1,1,2,1,2,2,2,1,1,1,1,1,2,1
1034,2,1,1,6,5,1,2,5,5,1,3,2,1,4,3,1,1,2,1,3,3,3,4,4,1,4,1,3,3,1,4,1,4,3,1,2,1,1,3,3,1,4,4,4,1,1
1041,2,2,2,2,2,2,2,2,2,2,2,2,2,2,2,3,3,3,1,1,2,1,2,1,1,1,1,1,2,2,2,2,2,2,3,3,2,1,1,1,1,2,1,2,2,2
1042,2,2,2,2,1,1,1,1,1,1,1,1,1,1,1,1,1,1,1,1,1,1,2,1,1,1,1,2,1,1,1,1,1,1,1,1,1,1,1,2,2,2,1,1,2,1
1052,2,1,1,1,1,1,1,1,5,1,4,4,4,4,4,4,4,4,2,3,4,4,3,1,3,4,1,4,1,4,4,4,4,4,4,4,4,2,4,4,4,1,1,1,4,1
1072,6,6,4,4,1,1,5,5,6,1,1,2,3,4,3,4,1,1,2,2,2,1,1,2,4,1,4,1,3,1,2,1,4,3,4,4,1,2,2,4,3,4,3,3,1,2
1076,1,1,1,1,2,1,1,1,1,1,2,2,3,1,2,1,1,1,2,2,1,1,3,1,1,1,1,2,1,3,3,3,1,2,1,1,1,3,2,1,1,3,1,1,3,1
1103,4,3,3,2,3,4,4,3,3,4,3,3,2,2,1,1,1,2,2,2,3,3,3,2,2,2,1,1,1,3,3,4,4,1,3,2,2,3,3,2,2,3,3,2,2,3
1105,4,3,3,4,5,4,3,3,4,3,3,3,2,2,2,2,3,3,2,2,3,3,2,2,1,2,3,3,2,3,3,2,2,2,2,3,3,3,2,2,3,3,2,2,2,3
1107,4,4,3,3,3,4,4,4,3,3,2,2,3,3,4,4,3,3,3,2,2,2,2,3,3,3,2,2,2,3,2,2,2,4,1,1,2,2,2,2,3,3,2,2,1,2
1108,4,4,3,3,4,4,3,3,4,4,3,3,3,2,2,2,3,3,3,2,2,2,2,3,3,3,2,2,1,3,3,2,2,2,1,1,2,2,2,2,3,3,2,2,1,2
1139,6,2,2,2,1,6,1,1,1,1,1,1,2,1,1,1,1,2,1,1,1,1,1,1,1,2,1,1,1,1,1,1,1,1,1,1,1,1,1,1,1,1,1,1,1,1
1158,6,1,1,1,1,4,1,1,1,1,3,3,2,1,1,2,1,3,3,2,2,1,2,1,1,1,1,3,1,2,3,2,1,1,3,2,3,3,2,2,1,2,1,1,3,1
1160,2,2,1,2,1,2,2,2,2,2,1,1,1,1,1,1,1,1,1,1,1,1,1,1,1,1,1,1,1,1,1,1,1,1,1,1,1,1,1,1,1,1,1,1,1,1
1169,6,1,1,4,1,1,1,1,1,1,2,3,3,4,3,3,2,3,2,3,2,2,2,2,3,2,2,3,2,3,3,2,3,3,3,2,3,3,3,2,2,3,3,2,3,3
1175,1,1,1,2,1,1,1,1,1,1,2,2,1,1,1,1,1,1,1,1,2,1,2,1,1,1,2,1,1,2,2,1,1,1,1,1,1,1,1,1,1,1,1,1,2,1
1212,1,1,1,1,1,1,1,2,1,1,1,1,1,1,1,2,1,1,2,1,1,1,1,1,1,1,1,1,1,1,2,1,1,1,1,1,1,1,1,1,1,2,1,1,1,1
1218,6,1,1,6,1,2,1,1,2,2,4,4,4,4,4,4,4,4,4,4,4,3,4,1,4,3,4,4,4,4,4,4,4,4,4,4,4,4,4,4,3,4,1,4,4,4
1229,2,1,1,2,2,2,1,1,2,2,1,1,1,1,1,1,1,1,1,1,1,1,1,1,1,1,1,1,1,1,1,1,1,1,1,1,1,1,1,1,1,1,1,1,1,1
1230,2,1,1,1,1,2,1,1,1,1,1,1,1,1,3,1,1,1,1,1,1,1,3,1,1,1,1,3,1,1,3,1,1,3,1,1,3,2,1,1,1,3,1,1,3,1
1243,1,1,1,6,1,1,1,1,1,1,3,3,2,1,1,1,1,2,1,1,1,1,1,1,1,2,1,1,1,3,3,2,1,1,1,1,2,1,1,1,1,1,1,1,1,1
1250,5,1,1,1,1,1,1,1,1,5,1,1,1,1,1,1,1,1,1,1,1,1,1,1,1,1,1,1,1,1,1,1,1,1,1,1,1,1,1,1,1,1,1,1,1,1
1255,1,2,2,1,2,1,1,1,1,1,2,2,1,1,1,1,1,1,2,1,1,1,2,1,1,1,1,1,1,1,1,1,1,1,1,1,1,1,1,1,1,1,1,1,1,1
1263,6,1,2,4,2,2,2,3,1,1,3,3,1,1,4,1,3,4,3,3,1,1,2,1,1,1,3,4,4,2,3,1,1,4,1,3,3,3,3,1,1,3,1,1,1,1
1266,1,1,1,1,1,6,1,1,6,6,2,2,2,2,2,2,2,2,2,2,2,2,2,2,2,2,2,2,2,4,4,4,4,2,4,3,4,4,4,4,3,4,4,3,4,3
1270,3,5,6,2,5,5,2,2,3,2,4,1,1,2,2,2,1,4,3,3,2,4,4,2,4,3,1,1,4,4,4,4,3,2,4,3,4,2,3,2,2,2,4,1,3,3
1291,2,1,1,1,1,2,1,1,1,1,1,1,1,1,1,2,1,1,1,1,1,1,1,1,1,1,1,2,1,1,1,1,1,1,1,1,1,1,1,1,1,1,1,1,2,1
1303,2,2,1,1,3,2,3,2,2,1,3,2,2,1,1,1,2,1,2,2,2,3,2,3,1,2,1,1,2,3,3,2,3,1,4,4,3,3,2,2,3,3,2,3,4,3
1315,6,1,1,5,1,1,1,1,1,1,3,4,3,3,4,3,4,3,4,3,4,2,4,1,1,1,4,4,3,3,3,2,2,4,2,3,3,3,3,2,2,2,2,3,3,2
1336,1,1,1,1,1,1,1,1,1,2,3,3,2,3,2,3,4,3,2,2,4,1,2,1,1,1,3,4,3,4,4,2,2,2,2,4,4,3,3,4,1,1,1,3,4,3
1352,6,1,1,1,1,4,1,5,1,6,3,3,1,1,1,1,2,3,3,1,1,1,4,1,1,1,3,4,4,1,1,1,1,1,1,2,2,1,1,1,1,1,1,1,1,2
1365,4,3,2,6,2,1,1,2,2,1,2,3,3,2,1,1,1,3,2,2,2,1,1,1,1,1,1,1,1,2,2,1,2,1,1,1,2,1,1,1,1,1,1,1,1,1
1374,1,1,1,6,1,1,1,1,1,1,2,2,2,2,3,1,1,3,1,1,1,1,3,1,1,1,2,2,1,2,2,1,2,3,1,1,1,1,1,1,1,2,1,2,3,1
1392,4,3,5,3,3,5,3,3,5,3,3,3,3,3,3,3,3,3,3,3,3,3,3,3,3,3,3,3,3,2,2,2,3,3,3,2,2,2,3,2,2,3,2,2,2,3
1406,6,2,2,2,4,2,1,1,1,2,2,2,3,1,2,1,1,2,1,1,1,1,2,1,1,1,2,1,1,2,2,2,1,2,1,1,2,1,1,1,1,2,1,2,1,1
1412,1,6,1,1,1,1,1,1,1,1,1,1,1,1,1,2,1,4,4,1,1,1,4,1,1,1,1,1,1,1,1,1,1,1,1,1,1,2,2,1,1,1,1,1,1,1
1413,2,2,2,2,2,2,1,2,2,2,1,1,1,1,1,1,1,1,1,1,1,1,2,1,1,1,1,1,1,1,1,1,1,1,1,1,1,1,1,1,1,2,1,1,1,1
1419,2,1,1,1,1,5,1,1,1,1,2,2,2,2,1,1,1,2,2,2,1,1,1,1,1,1,1,1,1,1,2,1,1,1,1,1,2,1,2,1,1,1,1,1,1,1
1433,1,6,1,1,1,1,1,1,1,1,1,1,1,1,1,1,1,1,1,1,1,1,1,1,1,1,1,1,1,1,1,1,1,1,1,1,1,1,1,1,1,1,1,1,1,1
1435,1,1,1,6,1,1,1,1,2,1,1,1,1,2,2,1,1,1,2,1,1,1,1,1,1,1,1,2,1,1,1,1,2,2,1,1,1,2,1,1,1,1,1,1,1,1
1438,5,1,6,5,2,1,1,1,2,1,2,3,1,1,3,1,3,4,2,2,1,1,3,1,1,1,2,2,3,2,2,1,1,3,1,3,3,3,2,1,1,3,1,1,2,3
1450,6,1,1,6,1,1,1,1,1,1,1,1,1,1,3,1,1,1,1,1,1,1,4,1,1,1,1,1,1,1,1,1,1,3,1,1,1,1,1,1,1,3,1,1,1,1
1458,4,1,1,2,1,2,1,1,2,1,1,1,1,1,1,1,1,1,1,1,1,1,1,1,1,1,1,1,1,3,3,3,1,1,1,3,3,3,3,1,1,1,1,3,3,1
1463,4,1,1,1,1,1,1,3,1,1,4,3,3,2,3,3,3,4,2,1,3,2,4,1,3,3,2,3,2,3,3,2,1,3,2,4,4,3,1,3,2,3,2,2,4,4
1467,2,1,1,6,2,1,1,1,6,1,3,3,4,1,3,1,4,4,2,1,2,1,3,1,1,1,1,2,2,3,3,3,1,3,2,4,4,4,1,1,1,2,1,1,2,1
1495,2,1,1,2,1,1,1,1,1,1,1,2,2,1,1,1,2,2,1,1,1,1,1,1,1,1,2,2,1,2,2,2,1,1,1,2,1,2,2,1,1,1,1,2,2,1
1581,6,1,1,4,1,1,1,1,2,2,3,4,2,1,3,2,3,3,4,4,3,1,3,1,1,1,4,4,2,2,2,1,1,3,1,2,2,2,3,1,1,2,1,1,1,1
1590,3,1,2,5,2,1,1,2,3,5,3,4,3,2,3,1,4,4,4,4,2,1,4,1,1,2,4,4,2,1,3,2,1,3,1,3,4,3,2,1,1,3,1,2,2,3
1615,2,1,1,3,1,1,1,1,1,1,1,1,1,1,1,1,1,1,1,1,1,1,1,1,1,1,1,1,1,1,1,1,1,1,1,1,1,1,1,1,1,1,1,1,1,1
1655,2,1,2,1,1,1,1,1,1,1,3,3,2,1,1,1,1,3,3,1,1,1,1,1,1,1,1,2,3,2,2,2,1,1,1,1,1,3,2,1,1,1,1,1,3,3
1657,3,1,1,1,1,2,1,1,1,1,3,3,3,3,4,2,4,4,3,1,1,1,1,3,4,4,1,1,3,3,3,4,4,4,3,4,4,2,1,1,1,1,1,1,1,1
1683,2,1,2,2,1,1,1,2,2,2,3,3,2,1,2,3,3,3,2,2,1,1,3,1,1,1,2,2,1,2,2,3,1,2,3,2,3,2,2,1,1,3,1,2,2,2
1685,6,1,1,1,1,6,1,1,1,1,2,2,2,1,1,1,1,1,2,2,1,1,1,1,1,1,1,1,1,2,2,2,1,1,1,1,1,2,2,1,1,1,1,1,1,1
1689,4,1,1,4,1,1,1,1,1,1,3,3,3,3,1,1,3,3,3,2,1,1,3,1,1,3,3,3,1,3,3,3,2,1,1,3,3,1,2,1,1,2,1,2,2,1
1694,3,1,1,3,1,1,1,1,3,1,1,1,1,1,1,1,1,1,1,1,1,1,1,1,1,1,1,1,1,1,1,1,1,1,1,1,1,1,1,1,1,1,1,1,1,1
1703,2,2,1,1,1,1,1,1,1,1,3,3,2,1,2,2,1,2,3,3,2,1,4,1,1,2,3,4,2,2,2,2,1,2,1,1,2,2,2,1,1,1,1,2,4,2
1704,2,1,1,3,1,4,1,1,3,3,3,4,2,1,3,2,4,4,4,2,1,1,3,1,1,1,3,3,2,3,3,1,1,3,1,4,4,3,1,1,1,3,1,3,3,2
1718,6,1,1,1,1,1,1,4,1,1,1,1,1,1,1,1,1,1,1,1,1,1,2,1,1,1,1,1,1,3,2,1,2,1,1,2,2,2,1,1,2,2,1,1,1,1
1738,3,1,1,2,1,1,1,1,1,1,3,3,2,1,3,2,2,4,2,2,2,1,3,1,1,3,2,4,2,3,3,2,1,3,2,2,4,2,2,2,1,3,1,2,3,2
1745,2,1,1,1,1,2,1,1,1,1,1,1,1,1,1,1,1,1,1,1,1,1,1,1,1,1,1,1,1,1,1,1,1,1,1,1,1,1,1,1,1,1,1,1,1,1
1763,1,1,1,1,1,2,1,1,1,4,2,2,2,3,3,3,3,3,3,3,3,3,3,3,3,3,3,3,3,2,2,2,3,3,3,2,2,3,2,2,2,2,1,2,2,2
1766,2,1,1,1,1,2,1,1,1,1,3,3,3,1,2,2,1,2,2,1,1,1,1,1,1,1,1,1,2,2,2,2,1,2,1,1,2,2,1,1,1,1,1,1,1,2
1775,2,1,1,2,1,1,1,1,2,1,2,2,1,1,2,4,2,3,2,2,2,1,3,1,1,1,1,1,1,4,4,1,1,2,2,4,4,2,1,1,1,4,1,1,1,1
1777,1,1,1,6,1,4,1,1,1,1,3,3,2,2,3,3,2,2,2,3,3,1,1,1,2,1,2,2,2,1,1,1,1,3,1,1,1,1,1,1,1,1,1,1,1,1
1831,6,1,1,5,5,1,1,1,1,1,3,3,1,1,3,1,1,3,1,3,3,1,3,1,1,1,2,3,4,3,3,2,3,3,1,1,3,1,3,1,1,3,1,3,3,4
1861,1,1,2,1,1,2,1,1,1,1,3,3,3,3,1,2,2,4,2,2,2,1,1,1,1,1,1,1,1,2,2,2,2,1,1,2,2,1,1,1,1,1,1,1,1,1
1888,1,1,1,2,1,1,1,1,1,1,4,4,1,1,3,1,3,2,2,4,1,1,3,1,1,1,1,1,4,3,3,1,1,3,1,3,2,2,3,1,1,3,1,1,2,4
1889,2,2,2,2,2,2,2,2,2,2,3,3,3,3,3,3,3,3,3,3,3,3,3,3,3,3,3,3,3,3,2,2,3,3,2,2,3,3,3,2,3,3,2,2,2,3
1897,1,1,1,2,1,1,1,1,1,1,1,1,1,1,1,1,1,1,1,1,1,1,1,1,1,1,1,1,1,1,1,1,1,1,1,1,1,1,1,1,1,1,1,1,1,1
1898,6,1,1,2,2,6,1,1,6,1,3,3,1,2,3,3,3,4,2,3,1,1,1,1,1,1,2,3,1,2,2,1,2,3,3,2,3,3,2,1,1,1,1,2,2,1
1925,6,1,1,6,1,1,1,1,1,1,1,1,1,1,1,1,1,1,1,1,1,1,1,1,1,1,1,1,1,2,2,1,1,1,1,1,3,1,1,1,1,1,1,1,3,1
1932,2,1,1,2,2,1,1,1,1,1,2,2,2,2,1,3,1,1,2,2,2,1,2,1,2,2,2,2,1,2,2,2,2,1,2,1,1,1,1,2,1,1,1,2,2,1
1939,2,2,2,2,2,2,2,2,2,2,1,3,3,3,3,3,3,3,3,3,3,3,3,3,3,3,3,3,3,3,3,3,3,3,3,3,3,3,3,3,3,3,3,3,3,3
1952,6,1,1,6,1,1,1,6,1,1,3,3,2,2,1,2,1,2,2,2,1,1,3,2,2,3,2,2,2,2,2,2,2,1,2,1,1,2,1,1,1,2,2,2,2,2
1953,1,1,1,6,1,1,1,1,1,1,2,2,2,2,3,3,2,3,3,3,1,1,2,1,1,1,3,3,1,2,2,3,2,3,2,1,2,3,3,1,1,1,1,2,2,1
1963,2,2,2,2,2,2,2,2,2,2,3,3,3,3,3,3,3,3,3,3,3,3,3,3,3,3,3,3,3,2,3,3,3,3,3,3,3,3,3,3,3,3,3,3,3,3
1969,2,1,1,2,1,1,1,2,1,1,1,1,1,1,1,1,1,1,1,1,1,1,1,1,1,1,1,1,1,1,1,1,1,1,1,1,1,2,1,1,1,1,1,1,2,1
1990,2,1,1,1,1,1,1,2,1,1,2,3,1,1,3,1,1,2,1,2,1,1,2,1,1,1,2,2,2,1,2,1,1,3,1,1,1,1,1,1,1,2,1,1,1,2
2003,6,1,1,6,1,1,1,1,1,1,2,1,1,1,1,2,1,1,1,1,1,1,1,1,1,1,1,1,1,2,2,1,1,1,2,2,1,2,1,1,1,1,1,1,1,1
2006,2,2,6,2,3,3,1,1,2,3,4,2,3,2,2,3,3,3,2,2,2,2,3,2,1,1,2,2,2,3,2,2,1,2,2,2,3,1,2,2,2,3,2,2,2,2
2014,2,2,2,2,2,2,2,2,2,2,3,3,3,3,3,3,3,3,3,3,3,3,3,3,3,3,3,3,3,3,3,3,3,3,3,3,3,3,3,3,3,3,3,3,3,3
2032,6,1,1,6,1,6,1,6,1,1,2,2,1,2,2,3,4,3,3,2,1,1,3,1,1,1,1,1,1,2,2,1,2,2,3,4,3,3,2,1,1,3,1,1,1,1
2035,6,1,1,2,2,2,1,2,2,1,1,1,1,1,1,1,1,1,1,1,1,1,1,1,1,1,1,1,1,1,1,1,1,1,1,1,1,1,1,1,1,1,1,1,1,1
2043,2,2,2,5,2,2,2,1,6,6,1,2,1,1,1,2,1,1,1,1,1,1,1,1,1,1,3,4,2,1,3,1,1,1,1,1,1,1,1,1,1,1,1,3,3,1
